Date,Name,Age,Salary
2025-09-16,Alice,25,50000
2025-09-17,Bob,30,60000
2025-09-18,Charlie,22,45000
2025-09-19,David,28,52000
2025-09-20,Eva,35,70000
2025-09-21,Frank,40,80000
2025-09-22,Grace,27,48000
2025-09-23,Hannah,32,62000
2025-09-24,Ian,29,58000
2025-09-25,Jack,26,51000
2025-09-26,Karen,31,53000
2025-09-27,Liam,24,47000
2025-09-28,Mia,28,54000
2025-09-29,Noah,33,61000
2025-09-30,Olivia,26,50000
2025-10-01,Peter,38,75000
2025-10-02,Quinn,29,58000
2025-10-03,Rachel,27,49000
2025-10-04,Sam,34,67000
2025-10-05,Tina,25,52000
2025-10-06,Uma,30,60000
2025-10-07,Victor,32,63000
2025-10-08,Wendy,28,55000
2025-10-09,Xander,31,59000
2025-10-10,Yara,26,51000
2025-10-11,Zach,29,57000
2025-10-12,Aaron,27,50000
2025-10-13,Bella,33,62000
2025-10-14,Carl,35,68000
2025-10-15,Diana,28,54000
2025-10-16,Ethan,30,61000
2025-10-17,Fiona,26,50000
2025-10-18,George,32,63000
2025-10-19,Holly,29,58000
2025-10-20,Ivan,31,60000
2025-10-21,Jade,27,52000
2025-10-22,Kevin,34,67000
2025-10-23,Luna,25,49000
2025-10-24,Mark,36,71000
2025-10-25,Nora,28,55000
2025-10-26,Owen,33,62000
2025-10-27,Pam,29,58000
2025-10-28,Quincy,30,60000
2025-10-29,Rita,26,51000
2025-10-30,Steve,32,64000
2025-10-31,Tara,27,50000
2025-11-01,Ulysses,35,69000
2025-11-02,Vanessa,28,54000
2025-11-03,Will,31,61000
2025-11-04,Xena,26,50000
